<?xml version="1.0"?>
<metadata xml:lang="ko"><Esri><CreaDate>20170810</CreaDate><CreaTime>22104200</CreaTime><ArcGISFormat>1.0</ArcGISFormat><SyncOnce>FALSE</SyncOnce><DataProperties><lineage><Process ToolSource="C:\Users\RSK\Documents\ArcGIS\01.MYTOOL.tbx\DefineProjection" Date="20170707" Time="141059">DefineProjection FL_CHIMSL PROJCS['Korean_1985_Korea_Central_Belt',GEOGCS['GCS_Korean_Datum_1985',DATUM['D_Korean_Datum_1985',SPHEROID['Bessel_1841',6377397.155,299.1528128]],PRIMEM['Greenwich',0.0],UNIT['Degree',0.0174532925199433]],PROJECTION['Transverse_Mercator'],PARAMETER['False_Easting',200000.0],PARAMETER['False_Northing',500000.0],PARAMETER['Central_Meridian',127.0],PARAMETER['Scale_Factor',1.0],PARAMETER['Latitude_Of_Origin',38.0],UNIT['Meter',1.0]]</Process><Process ToolSource="C:\Users\RSK\Documents\ArcGIS\01.MYTOOL.tbx\Merge" Date="20170707" Time="144602">Merge FL_CHIMSL;FL_CHIMSL_merge;FL_CHIMSL_2MON_MERGE;FL_CHIMSL_BEFORE D:\01.작업파일\001.진행중_작업파일\20170705_침수흔적\FL_CHIMSL.shp "F_SHIM "F_SHIM" true true false 19 Double 6 18 ,First,#,FL_CHIMSL,F_SHIM,-1,-1,FL_CHIMSL_merge,F_SHIM,-1,-1,FL_CHIMSL_2MON_MERGE,F_SHIM,-1,-1,FL_CHIMSL_BEFORE,F_SHIM,-1,-1;F_AREA "F_AREA" true true false 19 Double 6 18 ,First,#,FL_CHIMSL,F_AREA,-1,-1,FL_CHIMSL_merge,F_AREA,-1,-1,FL_CHIMSL_2MON_MERGE,F_AREA,-1,-1,FL_CHIMSL_BEFORE,F_AREA,-1,-1;ADM_CD "ADM_CD" true true false 10 Text 0 0 ,First,#,FL_CHIMSL,ADM_CD,-1,-1,FL_CHIMSL_merge,ADM_CD,-1,-1,FL_CHIMSL_2MON_MERGE,ADM_CD,-1,-1,FL_CHIMSL_BEFORE,ADM_CD,-1,-1;DAT_SEQ "DAT_SEQ" true true false 18 Double 0 18 ,First,#,FL_CHIMSL,DAT_SEQ,-1,-1,FL_CHIMSL_merge,DAT_SEQ,-1,-1,FL_CHIMSL_2MON_MERGE,DAT_SEQ,-1,-1,FL_CHIMSL_BEFORE,DAT_SEQ,-1,-1;F_YR "F_YR" true true false 4 Text 0 0 ,First,#,FL_CHIMSL,F_YR,-1,-1,FL_CHIMSL_merge,F_YR,-1,-1,FL_CHIMSL_2MON_MERGE,F_YR,-1,-1,FL_CHIMSL_BEFORE,F_YR,-1,-1;OBJECTID "OBJECTID" true true false 9 Long 0 9 ,First,#,FL_CHIMSL,OBJECTID,-1,-1,FL_CHIMSL_merge,OBJECTID,-1,-1,FL_CHIMSL_2MON_MERGE,OBJECTID,-1,-1,FL_CHIMSL_BEFORE,OBJECTID,-1,-1;SHAPE_LENG "SHAPE_LENG" true true false 19 Double 8 18 ,First,#,FL_CHIMSL,SHAPE_LENG,-1,-1,FL_CHIMSL_merge,SHAPE_LENG,-1,-1,FL_CHIMSL_BEFORE,SHAPE_LENG,-1,-1;SHAPE_AREA "SHAPE_AREA" true true false 19 Double 0 0 ,First,#,FL_CHIMSL,SHAPE_AREA,-1,-1,FL_CHIMSL_merge,SHAPE_AREA,-1,-1,FL_CHIMSL_2MON_MERGE,SHAPE_AREA,-1,-1,FL_CHIMSL_BEFORE,SHAPE_AREA,-1,-1;SHAPE_LEN "SHAPE_LEN" true true false 19 Double 0 0 ,First,#,FL_CHIMSL,SHAPE_LEN,-1,-1,FL_CHIMSL_merge,SHAPE_LEN,-1,-1,FL_CHIMSL_2MON_MERGE,SHAPE_LEN,-1,-1,FL_CHIMSL_BEFORE,SHAPE_LEN,-1,-1"</Process><Process ToolSource="c:\program files (x86)\arcgis\desktop10.1\ArcToolbox\Toolboxes\Data Management Tools.tbx\CopyFeatures" Date="20170710" Time="173508">CopyFeatures "C:\Documents and Settings\Administrator\바탕 화면\실서버적용\2016년_제주도_수정작업분\FL_CHIMSL.shp" "Database Connections\Connection to 10.1.17.23_simc.sde\SIMC.FL_CHIMSL" # 0 0 0</Process><Process ToolSource="c:\program files\arcgis\server\ArcToolbox\Toolboxes\Analysis Tools.tbx\Select" Date="20170713" Time="090416">Select C:/FileStorage/simc.simc.sde/FL_CHIMSL C:\arcgisserver\directories\arcgisjobs\fms1499904249260\FL_CHIMSL.shp "sde.st_envintersects (shape,-74502.98282037326,-58368,648441.0171796267,525312) = 1"</Process><Process ToolSource="c:\program files\arcgis\server\ArcToolbox\Toolboxes\Data Management Tools.tbx\DefineProjection" Date="20170713" Time="090416">DefineProjection C:/arcgisserver/directories/arcgisjobs/fms1499904249260/FL_CHIMSL.shp PROJCS['TM_CENTRAL',GEOGCS['GCS_Korean_Datum_1985',DATUM['D_Korean_Datum_1985',SPHEROID['Bessel_1841',6377397.155,299.1528128]],PRIMEM['Greenwich',0.0],UNIT['Degree',0.0174532925199433]],PROJECTION['Transverse_Mercator'],PARAMETER['False_Easting',200000.0],PARAMETER['False_Northing',500000.0],PARAMETER['Central_Meridian',127.0],PARAMETER['Scale_Factor',1.0],PARAMETER['Latitude_Of_Origin',38.0],UNIT['Meter',1.0]]</Process><Process ToolSource="C:\Program Files (x86)\ArcGIS\Desktop10.0\ArcToolbox\Toolboxes\Data Management Tools.tbx\DeleteField" Date="20170713" Time="092605">DeleteField FL_CHIMSL ADM_CD</Process><Process Name="Project_4" ToolSource="C:\Program Files\ArcGIS\ArcToolbox\Toolboxes\Data Management Tools.tbx\Project" Date="20170719" Time="121102">Project D:\2017_안전풍수해\받은파일\20170719\2006_2017침수흔적데이터(shp)\전국_chim_20170713\전국_chim_20170713\FL_CHIMSL.shp D:\2017_안전풍수해\작업파일\2006_2017침수흔적데이터_epsg5186\FL_CHIMSL.SHP PROJCS['Korea_2000_Korea_Central_Belt_2010',GEOGCS['GCS_Korea_2000',DATUM['D_Korea_2000',SPHEROID['GRS_1980',6378137.0,298.257222101]],PRIMEM['Greenwich',0.0],UNIT['Degree',0.0174532925199433]],PROJECTION['Transverse_Mercator'],PARAMETER['False_Easting',200000.0],PARAMETER['False_Northing',600000.0],PARAMETER['Central_Meridian',127.0],PARAMETER['Scale_Factor',1.0],PARAMETER['Latitude_Of_Origin',38.0],UNIT['Meter',1.0]] 'Korean1985 To Korea2000' PROJCS['Korean_1985_Modified_Korea_Central_Belt',GEOGCS['GCS_Korean_Datum_1985',DATUM['D_Korean_Datum_1985',SPHEROID['Bessel_1841',6377397.155,299.1528128]],PRIMEM['Greenwich',0.0],UNIT['Degree',0.0174532925199433]],PROJECTION['Transverse_Mercator'],PARAMETER['False_Easting',200000.0],PARAMETER['False_Northing',500000.0],PARAMETER['Central_Meridian',127.0028902777778],PARAMETER['Scale_Factor',1.0],PARAMETER['Latitude_Of_Origin',38.0],UNIT['Meter',1.0]]</Process><Process ToolSource="C:\Program Files (x86)\ArcGIS\ArcToolbox\Toolboxes\Analysis Tools.tbx\Clip" Date="20170810" Time="224423">Clip 2011년_침수흔적도 동두천시_행정구역도 D:\2수행과제(中)\2-6풍수해직간접(국민안전처)\3차년도\06_공간분석\2011년\2011년_동두천시\동두천시_2011_침수흔적도.shp #</Process></lineage><itemProps><itemName Sync="TRUE">FL_CHIMSL</itemName><imsContentType Sync="TRUE">002</imsContentType><itemSize Sync="TRUE">0.000</itemSize><itemLocation><linkage Sync="TRUE">file://\\FMSMLX\C\arcgisserver\directories\arcgisjobs\fms1499904249260\FL_CHIMSL.shp</linkage><protocol Sync="TRUE">Local Area Network</protocol></itemLocation></itemProps><coordRef><type Sync="TRUE">Projected</type><geogcsn Sync="TRUE">GCS_Korean_Datum_1985</geogcsn><csUnits Sync="TRUE">Linear Unit: Meter (1.000000)</csUnits><projcsn Sync="TRUE">Korean_1985_Korea_Central_Belt</projcsn><peXml Sync="TRUE">&lt;ProjectedCoordinateSystem xsi:type='typens:ProjectedCoordinateSystem' xmlns:xsi='http://www.w3.org/2001/XMLSchema-instance' xmlns:xs='http://www.w3.org/2001/XMLSchema' xmlns:typens='http://www.esri.com/schemas/ArcGIS/10.1'&gt;&lt;WKT&gt;PROJCS[&amp;quot;Korean_1985_Korea_Central_Belt&amp;quot;,GEOGCS[&amp;quot;GCS_Korean_Datum_1985&amp;quot;,DATUM[&amp;quot;D_Korean_Datum_1985&amp;quot;,SPHEROID[&amp;quot;Bessel_1841&amp;quot;,6377397.155,299.1528128]],PRIMEM[&amp;quot;Greenwich&amp;quot;,0.0],UNIT[&amp;quot;Degree&amp;quot;,0.0174532925199433]],PROJECTION[&amp;quot;Transverse_Mercator&amp;quot;],PARAMETER[&amp;quot;False_Easting&amp;quot;,200000.0],PARAMETER[&amp;quot;False_Northing&amp;quot;,500000.0],PARAMETER[&amp;quot;Central_Meridian&amp;quot;,127.0],PARAMETER[&amp;quot;Scale_Factor&amp;quot;,1.0],PARAMETER[&amp;quot;Latitude_Of_Origin&amp;quot;,38.0],UNIT[&amp;quot;Meter&amp;quot;,1.0],AUTHORITY[&amp;quot;EPSG&amp;quot;,2097]]&lt;/WKT&gt;&lt;XOrigin&gt;-5422500&lt;/XOrigin&gt;&lt;YOrigin&gt;-13708100&lt;/YOrigin&gt;&lt;XYScale&gt;450314931.24392509&lt;/XYScale&gt;&lt;ZOrigin&gt;-100000&lt;/ZOrigin&gt;&lt;ZScale&gt;10000&lt;/ZScale&gt;&lt;MOrigin&gt;-100000&lt;/MOrigin&gt;&lt;MScale&gt;10000&lt;/MScale&gt;&lt;XYTolerance&gt;0.001&lt;/XYTolerance&gt;&lt;ZTolerance&gt;0.001&lt;/ZTolerance&gt;&lt;MTolerance&gt;0.001&lt;/MTolerance&gt;&lt;HighPrecision&gt;true&lt;/HighPrecision&gt;&lt;WKID&gt;2097&lt;/WKID&gt;&lt;LatestWKID&gt;2097&lt;/LatestWKID&gt;&lt;/ProjectedCoordinateSystem&gt;</peXml></coordRef></DataProperties><SyncDate>20170810</SyncDate><SyncTime>22442300</SyncTime><ModDate>20170810</ModDate><ModTime>22442300</ModTime><MetaID>{13D283AF-35BA-4BD4-B224-7EE2DB036A6B}</MetaID></Esri><dataIdInfo><envirDesc Sync="TRUE">Microsoft Windows Vista Version 6.2 (Build 9200) ; ESRI ArcCatalog 9.3.0.1770</envirDesc><dataLang><languageCode value="ko" Sync="TRUE"></languageCode><countryCode value="KR" Sync="TRUE"></countryCode></dataLang><idCitation><resTitle Sync="TRUE">동두천시_2011_침수흔적도</resTitle><presForm><PresFormCd value="005" Sync="TRUE"></PresFormCd></presForm></idCitation><spatRpType><SpatRepTypCd value="001" Sync="TRUE"></SpatRepTypCd></spatRpType></dataIdInfo><mdLang><languageCode value="ko" Sync="TRUE"></languageCode><countryCode value="KR" Sync="TRUE"></countryCode></mdLang><mdChar><CharSetCd value="004" Sync="TRUE"></CharSetCd></mdChar><distInfo><distFormat><formatName Sync="TRUE">Shapefile</formatName></distFormat><distTranOps><transSize Sync="TRUE">0.000</transSize></distTranOps><distributor><distorTran><onLineSrc><linkage Sync="TRUE">file://\\KGH\D\2수행과제(中)\2-6풍수해직간접(국민안전처)\3차년도\06_공간분석\2011년\2011년_동두천시\동두천시_2011_침수흔적도.shp</linkage><protocol Sync="TRUE">Local Area Network</protocol><orDesc Sync="TRUE">002</orDesc></onLineSrc><transSize Sync="TRUE">0.000</transSize></distorTran><distorFormat><formatName Sync="TRUE">Shapefile</formatName></distorFormat></distributor></distInfo><mdHrLv><ScopeCd value="005" Sync="TRUE"></ScopeCd></mdHrLv><mdHrLvName Sync="TRUE">dataset</mdHrLvName><refSysInfo><RefSystem><refSysID><identCode code="2097" Sync="TRUE">Korea_2000_Korea_Central_Belt_2010</identCode><idCodeSpace Sync="TRUE">EPSG</idCodeSpace><idVersion Sync="TRUE">7.11.2</idVersion></refSysID></RefSystem></refSysInfo><spatRepInfo><VectSpatRep><topLvl><TopoLevCd value="001" Sync="TRUE"></TopoLevCd></topLvl><geometObjs Name="동두천시_2011_침수흔적도"><geoObjTyp><GeoObjTypCd Sync="TRUE" value="001"></GeoObjTypCd></geoObjTyp><geoObjCnt Sync="TRUE">0</geoObjCnt></geometObjs></VectSpatRep></spatRepInfo><spdoinfo><ptvctinf><esriterm Name="동두천시_2011_침수흔적도"><efeatyp Sync="TRUE">Simple</efeatyp><efeageom code="4" Sync="TRUE">Polygon</efeageom><esritopo Sync="TRUE">FALSE</esritopo><efeacnt Sync="TRUE">0</efeacnt><spindex Sync="TRUE">FALSE</spindex><linrefer Sync="TRUE">FALSE</linrefer></esriterm><sdtsterm Name="동두천시_2011_침수흔적도"><sdtstype Sync="TRUE">G-polygon</sdtstype><ptvctcnt Sync="TRUE">0</ptvctcnt></sdtsterm></ptvctinf><direct Sync="TRUE">Vector</direct></spdoinfo><eainfo><detailed Name="동두천시_2011_침수흔적도"><enttyp><enttypl Sync="TRUE">동두천시_2011_침수흔적도</enttypl><enttypt Sync="TRUE">Feature Class</enttypt><enttypc Sync="TRUE">0</enttypc></enttyp><attr><attrlabl Sync="TRUE">FID</attrlabl><attalias Sync="TRUE">FID</attalias><attrtype Sync="TRUE">OID</attrtype><attwidth Sync="TRUE">4</attwidth><atprecis Sync="TRUE">0</atprecis><attscale Sync="TRUE">0</attscale><attrdef Sync="TRUE">Internal feature number.</attrdef><attrdefs Sync="TRUE">Esri</attrdefs><attrdomv><udom Sync="TRUE">Sequential unique whole numbers that are automatically generated.</udom></attrdomv></attr><attr><attrlabl Sync="TRUE">Shape</attrlabl><attalias Sync="TRUE">Shape</attalias><attrtype Sync="TRUE">Geometry</attrtype><attwidth Sync="TRUE">0</attwidth><atprecis Sync="TRUE">0</atprecis><attscale Sync="TRUE">0</attscale><attrdef Sync="TRUE">Feature geometry.</attrdef><attrdefs Sync="TRUE">Esri</attrdefs><attrdomv><udom Sync="TRUE">Coordinates defining the features.</udom></attrdomv></attr><attr><attrlabl Sync="TRUE">F_SHIM</attrlabl><attalias Sync="TRUE">F_SHIM</attalias><attrtype Sync="TRUE">Number</attrtype><attwidth Sync="TRUE">19</attwidth><atnumdec Sync="TRUE">6</atnumdec></attr><attr><attrlabl Sync="TRUE">F_AREA</attrlabl><attalias Sync="TRUE">F_AREA</attalias><attrtype Sync="TRUE">Number</attrtype><attwidth Sync="TRUE">19</attwidth><atnumdec Sync="TRUE">6</atnumdec></attr><attr><attrlabl Sync="TRUE">DAT_SEQ</attrlabl><attalias Sync="TRUE">DAT_SEQ</attalias><attrtype Sync="TRUE">Number</attrtype><attwidth Sync="TRUE">18</attwidth></attr><attr><attrlabl Sync="TRUE">F_YR</attrlabl><attalias Sync="TRUE">F_YR</attalias><attrtype Sync="TRUE">String</attrtype><attwidth Sync="TRUE">4</attwidth></attr><attr><attrlabl Sync="TRUE">OBJECTID</attrlabl><attalias Sync="TRUE">OBJECTID</attalias><attrtype Sync="TRUE">Number</attrtype><attwidth Sync="TRUE">9</attwidth></attr><attr><attrlabl Sync="TRUE">SHAPE_LENG</attrlabl><attalias Sync="TRUE">SHAPE_LENG</attalias><attrtype Sync="TRUE">Number</attrtype><attwidth Sync="TRUE">19</attwidth><atnumdec Sync="TRUE">8</atnumdec></attr><attr><attrlabl Sync="TRUE">SHAPE_AREA</attrlabl><attalias Sync="TRUE">SHAPE_AREA</attalias><attrtype Sync="TRUE">Float</attrtype><attwidth Sync="TRUE">19</attwidth><attrdef Sync="TRUE">Area of feature in internal units squared.</attrdef><attrdefs Sync="TRUE">Esri</attrdefs><attrdomv><udom Sync="TRUE">Positive real numbers that are automatically generated.</udom></attrdomv><atnumdec Sync="TRUE">11</atnumdec></attr><attr><attrlabl Sync="TRUE">SHAPE_LEN</attrlabl><attalias Sync="TRUE">SHAPE_LEN</attalias><attrtype Sync="TRUE">Float</attrtype><attwidth Sync="TRUE">19</attwidth><atnumdec Sync="TRUE">11</atnumdec></attr></detailed></eainfo><mdDateSt Sync="TRUE">20170810</mdDateSt><idinfo><citation><citeinfo><onlink Sync="TRUE">\\KGH\D\2수행과제(中)\2-6풍수해직간접(국민안전처)\3차년도\06_공간분석\2011년\2011년_동두천시\동두천시_2011_침수흔적도.shp</onlink><title Sync="TRUE">동두천시_2011_침수흔적도</title><ftname Sync="TRUE">동두천시_2011_침수흔적도</ftname><geoform Sync="TRUE">vector digital data</geoform></citeinfo></citation><native Sync="TRUE">Microsoft Windows Vista Version 6.2 (Build 9200) ; ESRI ArcCatalog 9.3.0.1770</native><descript><langdata Sync="TRUE">ko</langdata></descript><natvform Sync="TRUE">Shapefile</natvform></idinfo><dataqual><lineage><procstep><procdesc Sync="TRUE">Dataset copied.</procdesc><srcused Sync="TRUE"></srcused><date Sync="TRUE">20170719</date><time Sync="TRUE">12110100</time></procstep><procstep><procdesc Sync="TRUE">Dataset copied.</procdesc><srcused Sync="TRUE"></srcused><procdate Sync="TRUE">20170810</procdate><proctime Sync="TRUE">22104200</proctime></procstep></lineage></dataqual><metainfo><langmeta Sync="TRUE">ko</langmeta><metstdn Sync="TRUE">FGDC Content Standards for Digital Geospatial Metadata</metstdn><metstdv Sync="TRUE">FGDC-STD-001-1998</metstdv><mettc Sync="TRUE">local time</mettc><metextns><onlink Sync="TRUE">http://www.esri.com/metadata/esriprof80.html</onlink><metprof Sync="TRUE">ESRI Metadata Profile</metprof></metextns><metd Sync="TRUE">20170810</metd></metainfo><mdStanName Sync="TRUE">ISO 19115 Geographic Information - Metadata</mdStanName><mdStanVer Sync="TRUE">DIS_ESRI1.0</mdStanVer><distinfo><resdesc Sync="TRUE">Downloadable Data</resdesc><stdorder><digform><digtinfo><transize Sync="TRUE">0.000</transize><dssize Sync="TRUE">0.000</dssize></digtinfo></digform></stdorder></distinfo><spref><horizsys><cordsysn><geogcsn Sync="TRUE">GCS_Korea_2000</geogcsn><projcsn Sync="TRUE">Korea_2000_Korea_Central_Belt_2010</projcsn></cordsysn><planar><mapproj><mapprojn Sync="TRUE">Transverse Mercator</mapprojn><transmer><sfctrmer Sync="TRUE">1.000000</sfctrmer><longcm Sync="TRUE">127.000000</longcm><latprjo Sync="TRUE">38.000000</latprjo><feast Sync="TRUE">200000.000000</feast><fnorth Sync="TRUE">600000.000000</fnorth></transmer></mapproj><planci><plance Sync="TRUE">coordinate pair</plance><plandu Sync="TRUE">meters</plandu><coordrep><absres Sync="TRUE">0.000000</absres><ordres Sync="TRUE">0.000000</ordres></coordrep></planci></planar><geodetic><horizdn Sync="TRUE">D_Korea_2000</horizdn><ellips Sync="TRUE">Geodetic Reference System 80</ellips><semiaxis Sync="TRUE">6378137.000000</semiaxis><denflat Sync="TRUE">298.257222</denflat></geodetic></horizsys></spref></metadata>
