<?xml version="1.0" encoding="UTF-8"?>
<metadata xml:lang="ko"><Esri><CreaDate>20220207</CreaDate><CreaTime>15283400</CreaTime><ArcGISFormat>1.0</ArcGISFormat><SyncOnce>TRUE</SyncOnce><DataProperties><lineage><Process ToolSource="c:\program files (x86)\arcgis\desktop10.2\ArcToolbox\Toolboxes\Data Management Tools.tbx\CalculateField" Date="20210709" Time="065553">CalculateField 내성천유역_홍수위험지도_50yr_epsg5179 DEPTH 0.25 VB #</Process><Process ToolSource="c:\program files (x86)\arcgis\desktop10.2\ArcToolbox\Toolboxes\Data Management Tools.tbx\CalculateField" Date="20210709" Time="065618">CalculateField 내성천유역_홍수위험지도_50yr_epsg5179 DEPTH 0.75 VB #</Process><Process ToolSource="c:\program files (x86)\arcgis\desktop10.2\ArcToolbox\Toolboxes\Data Management Tools.tbx\CalculateField" Date="20210709" Time="065639">CalculateField 내성천유역_홍수위험지도_50yr_epsg5179 DEPTH 1.5 VB #</Process><Process ToolSource="c:\program files (x86)\arcgis\desktop10.2\ArcToolbox\Toolboxes\Data Management Tools.tbx\CalculateField" Date="20210709" Time="065702">CalculateField 내성천유역_홍수위험지도_50yr_epsg5179 DEPTH 3.5 VB #</Process><Process ToolSource="c:\program files (x86)\arcgis\desktop10.2\ArcToolbox\Toolboxes\Data Management Tools.tbx\CalculateField" Date="20210709" Time="065715">CalculateField 내성천유역_홍수위험지도_50yr_epsg5179 DEPTH 5 VB #</Process></lineage></DataProperties></Esri></metadata>
